model,mnist_c_variant,accuracy,experiment
2022-04-23_201656_LCL5_d2__it15000_e3.pt,pixelate,0.9746,vgg19r_lcl5
2022-04-23_201656_LCL5_d2__it15000_e3.pt,dotted_line,0.9758,vgg19r_lcl5
2022-04-23_201656_LCL5_d2__it15000_e3.pt,gaussian_blur,0.8909,vgg19r_lcl5
2022-04-23_201656_LCL5_d2__it15000_e3.pt,elastic_transform,0.8876,vgg19r_lcl5
2022-04-23_201656_LCL5_d2__it15000_e3.pt,jpeg_compression,0.9906,vgg19r_lcl5
2022-04-23_201656_LCL5_d2__it15000_e3.pt,speckle_noise,0.9845,vgg19r_lcl5
2022-04-23_201656_LCL5_d2__it15000_e3.pt,identity,0.9927,vgg19r_lcl5
2022-04-23_201656_LCL5_d2__it15000_e3.pt,glass_blur,0.9589,vgg19r_lcl5
2022-04-23_201656_LCL5_d2__it15000_e3.pt,spatter,0.9703,vgg19r_lcl5
2022-04-23_201656_LCL5_d2__it15000_e3.pt,translate,0.5751,vgg19r_lcl5
2022-04-23_201656_LCL5_d2__it15000_e3.pt,fog,0.9886,vgg19r_lcl5
2022-04-23_201656_LCL5_d2__it15000_e3.pt,shear,0.9763,vgg19r_lcl5
2022-04-23_201656_LCL5_d2__it15000_e3.pt,scale,0.9562,vgg19r_lcl5
2022-04-23_201656_LCL5_d2__it15000_e3.pt,zigzag,0.9305,vgg19r_lcl5
2022-04-23_201656_LCL5_d2__it15000_e3.pt,defocus_blur,0.9521,vgg19r_lcl5
2022-04-23_201656_LCL5_d2__it15000_e3.pt,gaussian_noise,0.9748,vgg19r_lcl5
2022-04-23_201656_LCL5_d2__it15000_e3.pt,contrast,0.9896,vgg19r_lcl5
2022-04-23_201656_LCL5_d2__it15000_e3.pt,canny_edges,0.7099,vgg19r_lcl5
2022-04-23_201656_LCL5_d2__it15000_e3.pt,zoom_blur,0.9811,vgg19r_lcl5
2022-04-23_201656_LCL5_d2__it15000_e3.pt,line,0.8977,vgg19r_lcl5
2022-04-23_201656_LCL5_d2__it15000_e3.pt,pessimal_noise,0.9618,vgg19r_lcl5
2022-04-23_201656_LCL5_d2__it15000_e3.pt,rotate,0.9179,vgg19r_lcl5
2022-04-23_201656_LCL5_d2__it15000_e3.pt,brightness,0.9899,vgg19r_lcl5
2022-04-23_201656_LCL5_d2__it15000_e3.pt,shot_noise,0.9825,vgg19r_lcl5
2022-04-23_201656_LCL5_d2__it15000_e3.pt,saturate,0.9854,vgg19r_lcl5
2022-04-23_201656_LCL5_d2__it15000_e3.pt,motion_blur,0.9412,vgg19r_lcl5
2022-04-23_201656_LCL5_d2__it15000_e3.pt,snow,0.9846,vgg19r_lcl5
2022-04-23_201656_LCL5_d2__it15000_e3.pt,inverse,0.2745,vgg19r_lcl5
2022-04-23_201656_LCL5_d2__it15000_e3.pt,impulse_noise,0.9665,vgg19r_lcl5
2022-04-23_201656_LCL5_d2__it15000_e3.pt,stripe,0.8958,vgg19r_lcl5
2022-04-23_201656_LCL5_d2__it15000_e3.pt,quantize,0.9919,vgg19r_lcl5
2022-04-23_201656_LCL5_d2__it15000_e3.pt,frost,0.9871,vgg19r_lcl5
2022-04-23_201747_LCL5_d2__it23750_e4.pt,pixelate,0.9761,vgg19r_lcl5
2022-04-23_201747_LCL5_d2__it23750_e4.pt,dotted_line,0.9785,vgg19r_lcl5
2022-04-23_201747_LCL5_d2__it23750_e4.pt,gaussian_blur,0.8864,vgg19r_lcl5
2022-04-23_201747_LCL5_d2__it23750_e4.pt,elastic_transform,0.894,vgg19r_lcl5
2022-04-23_201747_LCL5_d2__it23750_e4.pt,jpeg_compression,0.9903,vgg19r_lcl5
2022-04-23_201747_LCL5_d2__it23750_e4.pt,speckle_noise,0.9853,vgg19r_lcl5
2022-04-23_201747_LCL5_d2__it23750_e4.pt,identity,0.9921,vgg19r_lcl5
2022-04-23_201747_LCL5_d2__it23750_e4.pt,glass_blur,0.9622,vgg19r_lcl5
2022-04-23_201747_LCL5_d2__it23750_e4.pt,spatter,0.9694,vgg19r_lcl5
2022-04-23_201747_LCL5_d2__it23750_e4.pt,translate,0.6042,vgg19r_lcl5
2022-04-23_201747_LCL5_d2__it23750_e4.pt,fog,0.9869,vgg19r_lcl5
2022-04-23_201747_LCL5_d2__it23750_e4.pt,shear,0.9769,vgg19r_lcl5
2022-04-23_201747_LCL5_d2__it23750_e4.pt,scale,0.963,vgg19r_lcl5
2022-04-23_201747_LCL5_d2__it23750_e4.pt,zigzag,0.9346,vgg19r_lcl5
2022-04-23_201747_LCL5_d2__it23750_e4.pt,defocus_blur,0.9539,vgg19r_lcl5
2022-04-23_201747_LCL5_d2__it23750_e4.pt,gaussian_noise,0.9775,vgg19r_lcl5
2022-04-23_201747_LCL5_d2__it23750_e4.pt,contrast,0.9884,vgg19r_lcl5
2022-04-23_201747_LCL5_d2__it23750_e4.pt,canny_edges,0.711,vgg19r_lcl5
2022-04-23_201747_LCL5_d2__it23750_e4.pt,zoom_blur,0.9813,vgg19r_lcl5
2022-04-23_201747_LCL5_d2__it23750_e4.pt,line,0.9058,vgg19r_lcl5
2022-04-23_201747_LCL5_d2__it23750_e4.pt,pessimal_noise,0.9696,vgg19r_lcl5
2022-04-23_201747_LCL5_d2__it23750_e4.pt,rotate,0.9223,vgg19r_lcl5
2022-04-23_201747_LCL5_d2__it23750_e4.pt,brightness,0.9899,vgg19r_lcl5
2022-04-23_201747_LCL5_d2__it23750_e4.pt,shot_noise,0.9842,vgg19r_lcl5
2022-04-23_201747_LCL5_d2__it23750_e4.pt,saturate,0.9853,vgg19r_lcl5
2022-04-23_201747_LCL5_d2__it23750_e4.pt,motion_blur,0.9459,vgg19r_lcl5
2022-04-23_201747_LCL5_d2__it23750_e4.pt,snow,0.9845,vgg19r_lcl5
2022-04-23_201747_LCL5_d2__it23750_e4.pt,inverse,0.2567,vgg19r_lcl5
2022-04-23_201747_LCL5_d2__it23750_e4.pt,impulse_noise,0.9717,vgg19r_lcl5
2022-04-23_201747_LCL5_d2__it23750_e4.pt,stripe,0.8883,vgg19r_lcl5
2022-04-23_201747_LCL5_d2__it23750_e4.pt,quantize,0.9912,vgg19r_lcl5
2022-04-23_201747_LCL5_d2__it23750_e4.pt,frost,0.9873,vgg19r_lcl5
2022-04-24_004459_LCL5_d2__it23750_e4.pt,pixelate,0.9752,vgg19r_lcl5
2022-04-24_004459_LCL5_d2__it23750_e4.pt,dotted_line,0.977,vgg19r_lcl5
2022-04-24_004459_LCL5_d2__it23750_e4.pt,gaussian_blur,0.885,vgg19r_lcl5
2022-04-24_004459_LCL5_d2__it23750_e4.pt,elastic_transform,0.8964,vgg19r_lcl5
2022-04-24_004459_LCL5_d2__it23750_e4.pt,jpeg_compression,0.9912,vgg19r_lcl5
2022-04-24_004459_LCL5_d2__it23750_e4.pt,speckle_noise,0.9848,vgg19r_lcl5
2022-04-24_004459_LCL5_d2__it23750_e4.pt,identity,0.9929,vgg19r_lcl5
2022-04-24_004459_LCL5_d2__it23750_e4.pt,glass_blur,0.9574,vgg19r_lcl5
2022-04-24_004459_LCL5_d2__it23750_e4.pt,spatter,0.9689,vgg19r_lcl5
2022-04-24_004459_LCL5_d2__it23750_e4.pt,translate,0.6038,vgg19r_lcl5
2022-04-24_004459_LCL5_d2__it23750_e4.pt,fog,0.9872,vgg19r_lcl5
2022-04-24_004459_LCL5_d2__it23750_e4.pt,shear,0.9775,vgg19r_lcl5
2022-04-24_004459_LCL5_d2__it23750_e4.pt,scale,0.9573,vgg19r_lcl5
2022-04-24_004459_LCL5_d2__it23750_e4.pt,zigzag,0.9277,vgg19r_lcl5
2022-04-24_004459_LCL5_d2__it23750_e4.pt,defocus_blur,0.9525,vgg19r_lcl5
2022-04-24_004459_LCL5_d2__it23750_e4.pt,gaussian_noise,0.9764,vgg19r_lcl5
2022-04-24_004459_LCL5_d2__it23750_e4.pt,contrast,0.9894,vgg19r_lcl5
2022-04-24_004459_LCL5_d2__it23750_e4.pt,canny_edges,0.6769,vgg19r_lcl5
2022-04-24_004459_LCL5_d2__it23750_e4.pt,zoom_blur,0.9841,vgg19r_lcl5
2022-04-24_004459_LCL5_d2__it23750_e4.pt,line,0.9019,vgg19r_lcl5
2022-04-24_004459_LCL5_d2__it23750_e4.pt,pessimal_noise,0.964,vgg19r_lcl5
2022-04-24_004459_LCL5_d2__it23750_e4.pt,rotate,0.9189,vgg19r_lcl5
2022-04-24_004459_LCL5_d2__it23750_e4.pt,brightness,0.99,vgg19r_lcl5
2022-04-24_004459_LCL5_d2__it23750_e4.pt,shot_noise,0.9829,vgg19r_lcl5
2022-04-24_004459_LCL5_d2__it23750_e4.pt,saturate,0.9856,vgg19r_lcl5
2022-04-24_004459_LCL5_d2__it23750_e4.pt,motion_blur,0.9502,vgg19r_lcl5
2022-04-24_004459_LCL5_d2__it23750_e4.pt,snow,0.9835,vgg19r_lcl5
2022-04-24_004459_LCL5_d2__it23750_e4.pt,inverse,0.2418,vgg19r_lcl5
2022-04-24_004459_LCL5_d2__it23750_e4.pt,impulse_noise,0.9675,vgg19r_lcl5
2022-04-24_004459_LCL5_d2__it23750_e4.pt,stripe,0.8931,vgg19r_lcl5
2022-04-24_004459_LCL5_d2__it23750_e4.pt,quantize,0.9917,vgg19r_lcl5
2022-04-24_004459_LCL5_d2__it23750_e4.pt,frost,0.9854,vgg19r_lcl5
2022-04-24_004532_LCL5_d2__it10000_e2.pt,pixelate,0.9766,vgg19r_lcl5
2022-04-24_004532_LCL5_d2__it10000_e2.pt,dotted_line,0.9771,vgg19r_lcl5
2022-04-24_004532_LCL5_d2__it10000_e2.pt,gaussian_blur,0.8851,vgg19r_lcl5
2022-04-24_004532_LCL5_d2__it10000_e2.pt,elastic_transform,0.8834,vgg19r_lcl5
2022-04-24_004532_LCL5_d2__it10000_e2.pt,jpeg_compression,0.9912,vgg19r_lcl5
2022-04-24_004532_LCL5_d2__it10000_e2.pt,speckle_noise,0.9855,vgg19r_lcl5
2022-04-24_004532_LCL5_d2__it10000_e2.pt,identity,0.9922,vgg19r_lcl5
2022-04-24_004532_LCL5_d2__it10000_e2.pt,glass_blur,0.9623,vgg19r_lcl5
2022-04-24_004532_LCL5_d2__it10000_e2.pt,spatter,0.9721,vgg19r_lcl5
2022-04-24_004532_LCL5_d2__it10000_e2.pt,translate,0.5627,vgg19r_lcl5
2022-04-24_004532_LCL5_d2__it10000_e2.pt,fog,0.9886,vgg19r_lcl5
2022-04-24_004532_LCL5_d2__it10000_e2.pt,shear,0.9755,vgg19r_lcl5
2022-04-24_004532_LCL5_d2__it10000_e2.pt,scale,0.9496,vgg19r_lcl5
2022-04-24_004532_LCL5_d2__it10000_e2.pt,zigzag,0.9344,vgg19r_lcl5
2022-04-24_004532_LCL5_d2__it10000_e2.pt,defocus_blur,0.9535,vgg19r_lcl5
2022-04-24_004532_LCL5_d2__it10000_e2.pt,gaussian_noise,0.9782,vgg19r_lcl5
2022-04-24_004532_LCL5_d2__it10000_e2.pt,contrast,0.9891,vgg19r_lcl5
2022-04-24_004532_LCL5_d2__it10000_e2.pt,canny_edges,0.7246,vgg19r_lcl5
2022-04-24_004532_LCL5_d2__it10000_e2.pt,zoom_blur,0.9809,vgg19r_lcl5
2022-04-24_004532_LCL5_d2__it10000_e2.pt,line,0.9119,vgg19r_lcl5
2022-04-24_004532_LCL5_d2__it10000_e2.pt,pessimal_noise,0.9667,vgg19r_lcl5
2022-04-24_004532_LCL5_d2__it10000_e2.pt,rotate,0.9148,vgg19r_lcl5
2022-04-24_004532_LCL5_d2__it10000_e2.pt,brightness,0.9901,vgg19r_lcl5
2022-04-24_004532_LCL5_d2__it10000_e2.pt,shot_noise,0.984,vgg19r_lcl5
2022-04-24_004532_LCL5_d2__it10000_e2.pt,saturate,0.9849,vgg19r_lcl5
2022-04-24_004532_LCL5_d2__it10000_e2.pt,motion_blur,0.949,vgg19r_lcl5
2022-04-24_004532_LCL5_d2__it10000_e2.pt,snow,0.9851,vgg19r_lcl5
2022-04-24_004532_LCL5_d2__it10000_e2.pt,inverse,0.2592,vgg19r_lcl5
2022-04-24_004532_LCL5_d2__it10000_e2.pt,impulse_noise,0.9712,vgg19r_lcl5
2022-04-24_004532_LCL5_d2__it10000_e2.pt,stripe,0.8912,vgg19r_lcl5
2022-04-24_004532_LCL5_d2__it10000_e2.pt,quantize,0.992,vgg19r_lcl5
2022-04-24_004532_LCL5_d2__it10000_e2.pt,frost,0.9872,vgg19r_lcl5
2022-04-24_025236_LCL5_d2__it11250_e2.pt,pixelate,0.9727,vgg19r_lcl5
2022-04-24_025236_LCL5_d2__it11250_e2.pt,dotted_line,0.9772,vgg19r_lcl5
2022-04-24_025236_LCL5_d2__it11250_e2.pt,gaussian_blur,0.8801,vgg19r_lcl5
2022-04-24_025236_LCL5_d2__it11250_e2.pt,elastic_transform,0.8818,vgg19r_lcl5
2022-04-24_025236_LCL5_d2__it11250_e2.pt,jpeg_compression,0.9893,vgg19r_lcl5
2022-04-24_025236_LCL5_d2__it11250_e2.pt,speckle_noise,0.9839,vgg19r_lcl5
2022-04-24_025236_LCL5_d2__it11250_e2.pt,identity,0.991,vgg19r_lcl5
2022-04-24_025236_LCL5_d2__it11250_e2.pt,glass_blur,0.9581,vgg19r_lcl5
2022-04-24_025236_LCL5_d2__it11250_e2.pt,spatter,0.9696,vgg19r_lcl5
2022-04-24_025236_LCL5_d2__it11250_e2.pt,translate,0.5669,vgg19r_lcl5
2022-04-24_025236_LCL5_d2__it11250_e2.pt,fog,0.9863,vgg19r_lcl5
2022-04-24_025236_LCL5_d2__it11250_e2.pt,shear,0.9735,vgg19r_lcl5
2022-04-24_025236_LCL5_d2__it11250_e2.pt,scale,0.958,vgg19r_lcl5
2022-04-24_025236_LCL5_d2__it11250_e2.pt,zigzag,0.9423,vgg19r_lcl5
2022-04-24_025236_LCL5_d2__it11250_e2.pt,defocus_blur,0.9491,vgg19r_lcl5
2022-04-24_025236_LCL5_d2__it11250_e2.pt,gaussian_noise,0.9776,vgg19r_lcl5
2022-04-24_025236_LCL5_d2__it11250_e2.pt,contrast,0.988,vgg19r_lcl5
2022-04-24_025236_LCL5_d2__it11250_e2.pt,canny_edges,0.7454,vgg19r_lcl5
2022-04-24_025236_LCL5_d2__it11250_e2.pt,zoom_blur,0.9789,vgg19r_lcl5
2022-04-24_025236_LCL5_d2__it11250_e2.pt,line,0.9123,vgg19r_lcl5
2022-04-24_025236_LCL5_d2__it11250_e2.pt,pessimal_noise,0.9675,vgg19r_lcl5
2022-04-24_025236_LCL5_d2__it11250_e2.pt,rotate,0.9158,vgg19r_lcl5
2022-04-24_025236_LCL5_d2__it11250_e2.pt,brightness,0.9886,vgg19r_lcl5
2022-04-24_025236_LCL5_d2__it11250_e2.pt,shot_noise,0.9846,vgg19r_lcl5
2022-04-24_025236_LCL5_d2__it11250_e2.pt,saturate,0.9847,vgg19r_lcl5
2022-04-24_025236_LCL5_d2__it11250_e2.pt,motion_blur,0.945,vgg19r_lcl5
2022-04-24_025236_LCL5_d2__it11250_e2.pt,snow,0.983,vgg19r_lcl5
2022-04-24_025236_LCL5_d2__it11250_e2.pt,inverse,0.2882,vgg19r_lcl5
2022-04-24_025236_LCL5_d2__it11250_e2.pt,impulse_noise,0.9697,vgg19r_lcl5
2022-04-24_025236_LCL5_d2__it11250_e2.pt,stripe,0.8977,vgg19r_lcl5
2022-04-24_025236_LCL5_d2__it11250_e2.pt,quantize,0.9895,vgg19r_lcl5
2022-04-24_025236_LCL5_d2__it11250_e2.pt,frost,0.9869,vgg19r_lcl5
VGG19_2022-04-04_160910__it8750_e1.pt,pixelate,0.959,vgg19
VGG19_2022-04-04_160910__it8750_e1.pt,dotted_line,0.9403,vgg19
VGG19_2022-04-04_160910__it8750_e1.pt,gaussian_blur,0.9647,vgg19
VGG19_2022-04-04_160910__it8750_e1.pt,elastic_transform,0.8533,vgg19
VGG19_2022-04-04_160910__it8750_e1.pt,jpeg_compression,0.9751,vgg19
VGG19_2022-04-04_160910__it8750_e1.pt,speckle_noise,0.9597,vgg19
VGG19_2022-04-04_160910__it8750_e1.pt,identity,0.9771,vgg19
VGG19_2022-04-04_160910__it8750_e1.pt,glass_blur,0.9412,vgg19
VGG19_2022-04-04_160910__it8750_e1.pt,spatter,0.9442,vgg19
VGG19_2022-04-04_160910__it8750_e1.pt,translate,0.5272,vgg19
VGG19_2022-04-04_160910__it8750_e1.pt,fog,0.9238,vgg19
VGG19_2022-04-04_160910__it8750_e1.pt,shear,0.9485,vgg19
VGG19_2022-04-04_160910__it8750_e1.pt,scale,0.8975,vgg19
VGG19_2022-04-04_160910__it8750_e1.pt,zigzag,0.8499,vgg19
VGG19_2022-04-04_160910__it8750_e1.pt,defocus_blur,0.9526,vgg19
VGG19_2022-04-04_160910__it8750_e1.pt,gaussian_noise,0.9392,vgg19
VGG19_2022-04-04_160910__it8750_e1.pt,contrast,0.9591,vgg19
VGG19_2022-04-04_160910__it8750_e1.pt,canny_edges,0.6213,vgg19
VGG19_2022-04-04_160910__it8750_e1.pt,zoom_blur,0.9691,vgg19
VGG19_2022-04-04_160910__it8750_e1.pt,line,0.8333,vgg19
VGG19_2022-04-04_160910__it8750_e1.pt,pessimal_noise,0.8755,vgg19
VGG19_2022-04-04_160910__it8750_e1.pt,rotate,0.875,vgg19
VGG19_2022-04-04_160910__it8750_e1.pt,brightness,0.9555,vgg19
VGG19_2022-04-04_160910__it8750_e1.pt,shot_noise,0.9595,vgg19
VGG19_2022-04-04_160910__it8750_e1.pt,saturate,0.9533,vgg19
VGG19_2022-04-04_160910__it8750_e1.pt,motion_blur,0.9167,vgg19
VGG19_2022-04-04_160910__it8750_e1.pt,snow,0.9518,vgg19
VGG19_2022-04-04_160910__it8750_e1.pt,inverse,0.2285,vgg19
VGG19_2022-04-04_160910__it8750_e1.pt,impulse_noise,0.9175,vgg19
VGG19_2022-04-04_160910__it8750_e1.pt,stripe,0.8498,vgg19
VGG19_2022-04-04_160910__it8750_e1.pt,quantize,0.973,vgg19
VGG19_2022-04-04_160910__it8750_e1.pt,frost,0.9408,vgg19
VGG19_2022-04-04_164603__it18750_e3.pt,pixelate,0.9864,vgg19
VGG19_2022-04-04_164603__it18750_e3.pt,dotted_line,0.9569,vgg19
VGG19_2022-04-04_164603__it18750_e3.pt,gaussian_blur,0.9551,vgg19
VGG19_2022-04-04_164603__it18750_e3.pt,elastic_transform,0.8948,vgg19
VGG19_2022-04-04_164603__it18750_e3.pt,jpeg_compression,0.992,vgg19
VGG19_2022-04-04_164603__it18750_e3.pt,speckle_noise,0.9867,vgg19
VGG19_2022-04-04_164603__it18750_e3.pt,identity,0.9928,vgg19
VGG19_2022-04-04_164603__it18750_e3.pt,glass_blur,0.9676,vgg19
VGG19_2022-04-04_164603__it18750_e3.pt,spatter,0.9775,vgg19
VGG19_2022-04-04_164603__it18750_e3.pt,translate,0.5987,vgg19
VGG19_2022-04-04_164603__it18750_e3.pt,fog,0.989,vgg19
VGG19_2022-04-04_164603__it18750_e3.pt,shear,0.98,vgg19
VGG19_2022-04-04_164603__it18750_e3.pt,scale,0.9617,vgg19
VGG19_2022-04-04_164603__it18750_e3.pt,zigzag,0.9127,vgg19
VGG19_2022-04-04_164603__it18750_e3.pt,defocus_blur,0.9631,vgg19
VGG19_2022-04-04_164603__it18750_e3.pt,gaussian_noise,0.9588,vgg19
VGG19_2022-04-04_164603__it18750_e3.pt,contrast,0.6335,vgg19
VGG19_2022-04-04_164603__it18750_e3.pt,canny_edges,0.7199,vgg19
VGG19_2022-04-04_164603__it18750_e3.pt,zoom_blur,0.9848,vgg19
VGG19_2022-04-04_164603__it18750_e3.pt,line,0.8552,vgg19
VGG19_2022-04-04_164603__it18750_e3.pt,pessimal_noise,0.9028,vgg19
VGG19_2022-04-04_164603__it18750_e3.pt,rotate,0.9305,vgg19
VGG19_2022-04-04_164603__it18750_e3.pt,brightness,0.9889,vgg19
VGG19_2022-04-04_164603__it18750_e3.pt,shot_noise,0.9857,vgg19
VGG19_2022-04-04_164603__it18750_e3.pt,saturate,0.988,vgg19
VGG19_2022-04-04_164603__it18750_e3.pt,motion_blur,0.9533,vgg19
VGG19_2022-04-04_164603__it18750_e3.pt,snow,0.9816,vgg19
VGG19_2022-04-04_164603__it18750_e3.pt,inverse,0.2394,vgg19
VGG19_2022-04-04_164603__it18750_e3.pt,impulse_noise,0.953,vgg19
VGG19_2022-04-04_164603__it18750_e3.pt,stripe,0.8973,vgg19
VGG19_2022-04-04_164603__it18750_e3.pt,quantize,0.9919,vgg19
VGG19_2022-04-04_164603__it18750_e3.pt,frost,0.983,vgg19
VGG19_2022-04-04_172253__it11250_e2.pt,pixelate,0.9751,vgg19
VGG19_2022-04-04_172253__it11250_e2.pt,dotted_line,0.9698,vgg19
VGG19_2022-04-04_172253__it11250_e2.pt,gaussian_blur,0.8965,vgg19
VGG19_2022-04-04_172253__it11250_e2.pt,elastic_transform,0.8625,vgg19
VGG19_2022-04-04_172253__it11250_e2.pt,jpeg_compression,0.9863,vgg19
VGG19_2022-04-04_172253__it11250_e2.pt,speckle_noise,0.9859,vgg19
VGG19_2022-04-04_172253__it11250_e2.pt,identity,0.9883,vgg19
VGG19_2022-04-04_172253__it11250_e2.pt,glass_blur,0.9537,vgg19
VGG19_2022-04-04_172253__it11250_e2.pt,spatter,0.9806,vgg19
VGG19_2022-04-04_172253__it11250_e2.pt,translate,0.531,vgg19
VGG19_2022-04-04_172253__it11250_e2.pt,fog,0.9123,vgg19
VGG19_2022-04-04_172253__it11250_e2.pt,shear,0.9723,vgg19
VGG19_2022-04-04_172253__it11250_e2.pt,scale,0.9501,vgg19
VGG19_2022-04-04_172253__it11250_e2.pt,zigzag,0.9043,vgg19
VGG19_2022-04-04_172253__it11250_e2.pt,defocus_blur,0.9396,vgg19
VGG19_2022-04-04_172253__it11250_e2.pt,gaussian_noise,0.9729,vgg19
VGG19_2022-04-04_172253__it11250_e2.pt,contrast,0.1179,vgg19
VGG19_2022-04-04_172253__it11250_e2.pt,canny_edges,0.7873,vgg19
VGG19_2022-04-04_172253__it11250_e2.pt,zoom_blur,0.9796,vgg19
VGG19_2022-04-04_172253__it11250_e2.pt,line,0.8599,vgg19
VGG19_2022-04-04_172253__it11250_e2.pt,pessimal_noise,0.9327,vgg19
VGG19_2022-04-04_172253__it11250_e2.pt,rotate,0.9202,vgg19
VGG19_2022-04-04_172253__it11250_e2.pt,brightness,0.9799,vgg19
VGG19_2022-04-04_172253__it11250_e2.pt,shot_noise,0.983,vgg19
VGG19_2022-04-04_172253__it11250_e2.pt,saturate,0.9807,vgg19
VGG19_2022-04-04_172253__it11250_e2.pt,motion_blur,0.9569,vgg19
VGG19_2022-04-04_172253__it11250_e2.pt,snow,0.9045,vgg19
VGG19_2022-04-04_172253__it11250_e2.pt,inverse,0.3676,vgg19
VGG19_2022-04-04_172253__it11250_e2.pt,impulse_noise,0.9764,vgg19
VGG19_2022-04-04_172253__it11250_e2.pt,stripe,0.8867,vgg19
VGG19_2022-04-04_172253__it11250_e2.pt,quantize,0.9869,vgg19
VGG19_2022-04-04_172253__it11250_e2.pt,frost,0.8022,vgg19
VGG19_2022-04-04_175945__it12500_e2.pt,pixelate,0.9707,vgg19
VGG19_2022-04-04_175945__it12500_e2.pt,dotted_line,0.9513,vgg19
VGG19_2022-04-04_175945__it12500_e2.pt,gaussian_blur,0.9217,vgg19
VGG19_2022-04-04_175945__it12500_e2.pt,elastic_transform,0.8736,vgg19
VGG19_2022-04-04_175945__it12500_e2.pt,jpeg_compression,0.9887,vgg19
VGG19_2022-04-04_175945__it12500_e2.pt,speckle_noise,0.9825,vgg19
VGG19_2022-04-04_175945__it12500_e2.pt,identity,0.9897,vgg19
VGG19_2022-04-04_175945__it12500_e2.pt,glass_blur,0.9511,vgg19
VGG19_2022-04-04_175945__it12500_e2.pt,spatter,0.9645,vgg19
VGG19_2022-04-04_175945__it12500_e2.pt,translate,0.5597,vgg19
VGG19_2022-04-04_175945__it12500_e2.pt,fog,0.9843,vgg19
VGG19_2022-04-04_175945__it12500_e2.pt,shear,0.9751,vgg19
VGG19_2022-04-04_175945__it12500_e2.pt,scale,0.9451,vgg19
VGG19_2022-04-04_175945__it12500_e2.pt,zigzag,0.8908,vgg19
VGG19_2022-04-04_175945__it12500_e2.pt,defocus_blur,0.9337,vgg19
VGG19_2022-04-04_175945__it12500_e2.pt,gaussian_noise,0.9588,vgg19
VGG19_2022-04-04_175945__it12500_e2.pt,contrast,0.3598,vgg19
VGG19_2022-04-04_175945__it12500_e2.pt,canny_edges,0.8142,vgg19
VGG19_2022-04-04_175945__it12500_e2.pt,zoom_blur,0.9757,vgg19
VGG19_2022-04-04_175945__it12500_e2.pt,line,0.8567,vgg19
VGG19_2022-04-04_175945__it12500_e2.pt,pessimal_noise,0.9228,vgg19
VGG19_2022-04-04_175945__it12500_e2.pt,rotate,0.9258,vgg19
VGG19_2022-04-04_175945__it12500_e2.pt,brightness,0.9853,vgg19
VGG19_2022-04-04_175945__it12500_e2.pt,shot_noise,0.9808,vgg19
VGG19_2022-04-04_175945__it12500_e2.pt,saturate,0.985,vgg19
VGG19_2022-04-04_175945__it12500_e2.pt,motion_blur,0.9326,vgg19
VGG19_2022-04-04_175945__it12500_e2.pt,snow,0.9822,vgg19
VGG19_2022-04-04_175945__it12500_e2.pt,inverse,0.2964,vgg19
VGG19_2022-04-04_175945__it12500_e2.pt,impulse_noise,0.9405,vgg19
VGG19_2022-04-04_175945__it12500_e2.pt,stripe,0.8877,vgg19
VGG19_2022-04-04_175945__it12500_e2.pt,quantize,0.9882,vgg19
VGG19_2022-04-04_175945__it12500_e2.pt,frost,0.9816,vgg19
VGG19_2022-04-04_183636__it16250_e3.pt,pixelate,0.9676,vgg19
VGG19_2022-04-04_183636__it16250_e3.pt,dotted_line,0.968,vgg19
VGG19_2022-04-04_183636__it16250_e3.pt,gaussian_blur,0.9306,vgg19
VGG19_2022-04-04_183636__it16250_e3.pt,elastic_transform,0.8963,vgg19
VGG19_2022-04-04_183636__it16250_e3.pt,jpeg_compression,0.9901,vgg19
VGG19_2022-04-04_183636__it16250_e3.pt,speckle_noise,0.9808,vgg19
VGG19_2022-04-04_183636__it16250_e3.pt,identity,0.9919,vgg19
VGG19_2022-04-04_183636__it16250_e3.pt,glass_blur,0.9509,vgg19
VGG19_2022-04-04_183636__it16250_e3.pt,spatter,0.9667,vgg19
VGG19_2022-04-04_183636__it16250_e3.pt,translate,0.6045,vgg19
VGG19_2022-04-04_183636__it16250_e3.pt,fog,0.9871,vgg19
VGG19_2022-04-04_183636__it16250_e3.pt,shear,0.978,vgg19
VGG19_2022-04-04_183636__it16250_e3.pt,scale,0.9569,vgg19
VGG19_2022-04-04_183636__it16250_e3.pt,zigzag,0.9063,vgg19
VGG19_2022-04-04_183636__it16250_e3.pt,defocus_blur,0.9515,vgg19
VGG19_2022-04-04_183636__it16250_e3.pt,gaussian_noise,0.9726,vgg19
VGG19_2022-04-04_183636__it16250_e3.pt,contrast,0.9911,vgg19
VGG19_2022-04-04_183636__it16250_e3.pt,canny_edges,0.7022,vgg19
VGG19_2022-04-04_183636__it16250_e3.pt,zoom_blur,0.9795,vgg19
VGG19_2022-04-04_183636__it16250_e3.pt,line,0.8683,vgg19
VGG19_2022-04-04_183636__it16250_e3.pt,pessimal_noise,0.944,vgg19
VGG19_2022-04-04_183636__it16250_e3.pt,rotate,0.9161,vgg19
VGG19_2022-04-04_183636__it16250_e3.pt,brightness,0.9902,vgg19
VGG19_2022-04-04_183636__it16250_e3.pt,shot_noise,0.978,vgg19
VGG19_2022-04-04_183636__it16250_e3.pt,saturate,0.9828,vgg19
VGG19_2022-04-04_183636__it16250_e3.pt,motion_blur,0.9569,vgg19
VGG19_2022-04-04_183636__it16250_e3.pt,snow,0.9821,vgg19
VGG19_2022-04-04_183636__it16250_e3.pt,inverse,0.2527,vgg19
VGG19_2022-04-04_183636__it16250_e3.pt,impulse_noise,0.9602,vgg19
VGG19_2022-04-04_183636__it16250_e3.pt,stripe,0.922,vgg19
VGG19_2022-04-04_183636__it16250_e3.pt,quantize,0.9899,vgg19
VGG19_2022-04-04_183636__it16250_e3.pt,frost,0.9856,vgg19
VGG19_2022-04-04_191333__it10000_e2.pt,pixelate,0.9688,vgg19
VGG19_2022-04-04_191333__it10000_e2.pt,dotted_line,0.9368,vgg19
VGG19_2022-04-04_191333__it10000_e2.pt,gaussian_blur,0.9352,vgg19
VGG19_2022-04-04_191333__it10000_e2.pt,elastic_transform,0.8683,vgg19
VGG19_2022-04-04_191333__it10000_e2.pt,jpeg_compression,0.9866,vgg19
VGG19_2022-04-04_191333__it10000_e2.pt,speckle_noise,0.9825,vgg19
VGG19_2022-04-04_191333__it10000_e2.pt,identity,0.9893,vgg19
VGG19_2022-04-04_191333__it10000_e2.pt,glass_blur,0.9494,vgg19
VGG19_2022-04-04_191333__it10000_e2.pt,spatter,0.9757,vgg19
VGG19_2022-04-04_191333__it10000_e2.pt,translate,0.5454,vgg19
VGG19_2022-04-04_191333__it10000_e2.pt,fog,0.8651,vgg19
VGG19_2022-04-04_191333__it10000_e2.pt,shear,0.9706,vgg19
VGG19_2022-04-04_191333__it10000_e2.pt,scale,0.9427,vgg19
VGG19_2022-04-04_191333__it10000_e2.pt,zigzag,0.8402,vgg19
VGG19_2022-04-04_191333__it10000_e2.pt,defocus_blur,0.929,vgg19
VGG19_2022-04-04_191333__it10000_e2.pt,gaussian_noise,0.9495,vgg19
VGG19_2022-04-04_191333__it10000_e2.pt,contrast,0.1344,vgg19
VGG19_2022-04-04_191333__it10000_e2.pt,canny_edges,0.7216,vgg19
VGG19_2022-04-04_191333__it10000_e2.pt,zoom_blur,0.9752,vgg19
VGG19_2022-04-04_191333__it10000_e2.pt,line,0.8044,vgg19
VGG19_2022-04-04_191333__it10000_e2.pt,pessimal_noise,0.8685,vgg19
VGG19_2022-04-04_191333__it10000_e2.pt,rotate,0.9081,vgg19
VGG19_2022-04-04_191333__it10000_e2.pt,brightness,0.9681,vgg19
VGG19_2022-04-04_191333__it10000_e2.pt,shot_noise,0.9808,vgg19
VGG19_2022-04-04_191333__it10000_e2.pt,saturate,0.9805,vgg19
VGG19_2022-04-04_191333__it10000_e2.pt,motion_blur,0.9495,vgg19
VGG19_2022-04-04_191333__it10000_e2.pt,snow,0.8996,vgg19
VGG19_2022-04-04_191333__it10000_e2.pt,inverse,0.2963,vgg19
VGG19_2022-04-04_191333__it10000_e2.pt,impulse_noise,0.959,vgg19
VGG19_2022-04-04_191333__it10000_e2.pt,stripe,0.8868,vgg19
VGG19_2022-04-04_191333__it10000_e2.pt,quantize,0.9882,vgg19
VGG19_2022-04-04_191333__it10000_e2.pt,frost,0.6608,vgg19
